parameter,value
p_cc,0.0006335077697872384
p_cd,0.6482926634104796
p_dc,0.9999959004831619
p_dd,3.9975832192751446e-05
initial_coop_prob,0.1373636134620576
