Opponent,EVOLUTION,PPO,TRANSFORMER
Always Cooperate,399.98,496.0,421.32
Always Defect,99.5,99.0,67.54
GTFT(p=0.1),,315.3580017089844,
Grudger,,152.0,
Pavlov,263.16,250.0,271.04
Random(p=0.5),238.28,249.1120452880859,193.74
Tit-for-Tat,262.96,250.0,264.0
